-2.800000000000000711e+00,-2.849999999999999645e+00,4.694954955546948305e-01
-2.849999999999997868e+00,-2.799999999999998934e+00,4.694954955546948305e-01
-3.000000000000000000e+00,-2.750000000000000000e+00,4.694954955546948305e-01
-2.949999999999999289e+00,-2.750000000000000000e+00,4.694954955546948305e-01
-2.899999999999998579e+00,-2.750000000000000000e+00,4.694954955546948305e-01
-3.099999999999997868e+00,-2.699999999999999289e+00,4.694954955546948305e-01
-3.050000000000000711e+00,-2.699999999999999289e+00,4.694954955546948305e-01
-3.000000000000000000e+00,-2.699999999999999289e+00,4.694954955546948305e-01
-3.199999999999999289e+00,-2.650000000000000355e+00,4.694954955546948305e-01
-3.149999999999998579e+00,-2.650000000000000355e+00,4.694954955546948305e-01
-3.300000000000000711e+00,-2.599999999999999645e+00,4.694954955546948305e-01
-3.250000000000000000e+00,-2.599999999999999645e+00,4.694954955546948305e-01
-3.399999999999998579e+00,-2.549999999999998934e+00,4.694954955546948305e-01
-3.349999999999997868e+00,-2.549999999999998934e+00,4.694954955546948305e-01
-3.500000000000000000e+00,-2.500000000000000000e+00,4.694954955546948305e-01
-3.449999999999999289e+00,-2.500000000000000000e+00,4.694954955546948305e-01
-3.599999999999997868e+00,-2.449999999999999289e+00,4.694954955546948305e-01
-3.550000000000000711e+00,-2.449999999999999289e+00,4.694954955546948305e-01
-3.699999999999999289e+00,-2.400000000000000355e+00,4.694954955546948305e-01
-3.649999999999998579e+00,-2.400000000000000355e+00,4.694954955546948305e-01
-3.800000000000000711e+00,-2.349999999999999645e+00,4.694954955546948305e-01
-3.750000000000000000e+00,-2.349999999999999645e+00,4.694954955546948305e-01
-3.899999999999998579e+00,-2.299999999999998934e+00,4.694954955546948305e-01
-3.849999999999997868e+00,-2.299999999999998934e+00,4.694954955546948305e-01
-4.000000000000000000e+00,-2.250000000000000000e+00,4.694954955546948305e-01
-3.949999999999999289e+00,-2.250000000000000000e+00,4.694954955546948305e-01
-4.099999999999997868e+00,-2.199999999999999289e+00,4.694954955546948305e-01
-4.050000000000000711e+00,-2.199999999999999289e+00,4.694954955546948305e-01
-4.199999999999999289e+00,-2.150000000000000355e+00,4.694954955546948305e-01
-4.149999999999998579e+00,-2.150000000000000355e+00,4.694954955546948305e-01
-4.300000000000000711e+00,-2.099999999999999645e+00,4.694954955546948305e-01
-4.250000000000000000e+00,-2.099999999999999645e+00,4.694954955546948305e-01
-4.399999999999998579e+00,-2.049999999999998934e+00,4.694954955546948305e-01
-4.349999999999997868e+00,-2.049999999999998934e+00,4.694954955546948305e-01
-4.500000000000000000e+00,-2.000000000000000000e+00,4.694954955546948305e-01
-4.449999999999999289e+00,-2.000000000000000000e+00,4.694954955546948305e-01
-4.599999999999997868e+00,-1.949999999999999289e+00,4.694954955546948305e-01
-4.550000000000000711e+00,-1.949999999999999289e+00,4.694954955546948305e-01
-4.699999999999999289e+00,-1.899999999999998579e+00,4.694954955546948305e-01
-4.649999999999998579e+00,-1.899999999999998579e+00,4.694954955546948305e-01
-4.800000000000000711e+00,-1.849999999999999645e+00,4.694954955546948305e-01
-4.750000000000000000e+00,-1.849999999999999645e+00,4.694954955546948305e-01
-4.899999999999998579e+00,-1.799999999999998934e+00,4.694954955546948305e-01
-4.849999999999997868e+00,-1.799999999999998934e+00,4.694954955546948305e-01
-5.000000000000000000e+00,-1.750000000000000000e+00,4.694954955546948305e-01
-4.949999999999999289e+00,-1.750000000000000000e+00,4.694954955546948305e-01
-5.099999999999997868e+00,-1.699999999999999289e+00,4.694954955546948305e-01
-5.050000000000000711e+00,-1.699999999999999289e+00,4.694954955546948305e-01
-5.199999999999999289e+00,-1.649999999999998579e+00,4.694954955546948305e-01
-5.149999999999998579e+00,-1.649999999999998579e+00,4.694954955546948305e-01
-5.300000000000000711e+00,-1.599999999999999645e+00,4.694954955546948305e-01
-5.250000000000000000e+00,-1.599999999999999645e+00,4.694954955546948305e-01
-5.399999999999998579e+00,-1.549999999999998934e+00,4.694954955546948305e-01
-5.349999999999997868e+00,-1.549999999999998934e+00,4.694954955546948305e-01
-5.500000000000000000e+00,-1.500000000000000000e+00,4.694954955546948305e-01
-5.449999999999999289e+00,-1.500000000000000000e+00,4.694954955546948305e-01
-5.550000000000000711e+00,-1.449999999999999289e+00,4.694954955546948305e-01
-5.899999999999998579e+00,-1.399999999999998579e+00,4.694954955546948305e-01
-5.849999999999997868e+00,-1.399999999999998579e+00,4.694954955546948305e-01
-5.800000000000000711e+00,-1.399999999999998579e+00,4.694954955546948305e-01
-5.750000000000000000e+00,-1.399999999999998579e+00,4.694954955546948305e-01
-5.699999999999999289e+00,-1.399999999999998579e+00,4.694954955546948305e-01
-5.649999999999998579e+00,-1.399999999999998579e+00,4.694954955546948305e-01
-5.599999999999997868e+00,-1.399999999999998579e+00,4.694954955546948305e-01
-5.949999999999999289e+00,-1.349999999999999645e+00,4.694954955546948305e-01
-5.750000000000000000e+00,-1.349999999999999645e+00,4.694954955546948305e-01
-5.699999999999999289e+00,-1.349999999999999645e+00,4.694954955546948305e-01
-6.099999999999997868e+00,-1.299999999999998934e+00,4.694954955546948305e-01
-6.050000000000000711e+00,-1.299999999999998934e+00,4.694954955546948305e-01
-6.000000000000000000e+00,-1.299999999999998934e+00,4.694954955546948305e-01
-6.199999999999999289e+00,-1.250000000000000000e+00,4.694954955546948305e-01
-6.149999999999998579e+00,-1.250000000000000000e+00,4.694954955546948305e-01
-6.099999999999997868e+00,-1.250000000000000000e+00,4.694954955546948305e-01
-6.300000000000000711e+00,-1.199999999999999289e+00,4.694954955546948305e-01
-6.250000000000000000e+00,-1.199999999999999289e+00,4.694954955546948305e-01
-6.300000000000000711e+00,-1.149999999999998579e+00,4.694954955546948305e-01
-6.349999999999997868e+00,-1.099999999999999645e+00,4.694954955546948305e-01
-6.399999999999998579e+00,-1.049999999999998934e+00,4.694954955546948305e-01
-6.500000000000000000e+00,-1.000000000000000000e+00,4.694954955546948305e-01
-6.449999999999999289e+00,-1.000000000000000000e+00,4.694954955546948305e-01
-6.599999999999997868e+00,-9.499999999999992895e-01,4.694954955546948305e-01
-6.550000000000000711e+00,-9.499999999999992895e-01,4.694954955546948305e-01
-6.699999999999999289e+00,-8.999999999999985789e-01,4.694954955546948305e-01
-6.649999999999998579e+00,-8.999999999999985789e-01,4.694954955546948305e-01
-6.800000000000000711e+00,-8.499999999999996447e-01,4.694954955546948305e-01
-6.750000000000000000e+00,-8.499999999999996447e-01,4.694954955546948305e-01
-6.899999999999998579e+00,-7.999999999999989342e-01,4.694954955546948305e-01
-6.849999999999997868e+00,-7.999999999999989342e-01,4.694954955546948305e-01
-7.000000000000000000e+00,-7.500000000000000000e-01,4.694954955546948305e-01
-6.949999999999999289e+00,-7.500000000000000000e-01,4.694954955546948305e-01
-7.300000000000000711e+00,-6.999999999999992895e-01,4.694954955546948305e-01
-7.250000000000000000e+00,-6.999999999999992895e-01,4.694954955546948305e-01
-7.199999999999999289e+00,-6.999999999999992895e-01,4.694954955546948305e-01
-7.149999999999998579e+00,-6.999999999999992895e-01,4.694954955546948305e-01
-7.099999999999997868e+00,-6.999999999999992895e-01,4.694954955546948305e-01
-7.050000000000000711e+00,-6.999999999999992895e-01,4.694954955546948305e-01
-7.399999999999998579e+00,-6.499999999999985789e-01,4.694954955546948305e-01
-7.349999999999997868e+00,-6.499999999999985789e-01,4.694954955546948305e-01
-7.250000000000000000e+00,-6.499999999999985789e-01,4.694954955546948305e-01
-7.199999999999999289e+00,-6.499999999999985789e-01,4.694954955546948305e-01
-7.149999999999998579e+00,-6.499999999999985789e-01,4.694954955546948305e-01
-7.500000000000000000e+00,-5.999999999999996447e-01,4.694954955546948305e-01
-7.449999999999999289e+00,-5.999999999999996447e-01,4.694954955546948305e-01
-7.599999999999997868e+00,-5.499999999999989342e-01,4.694954955546948305e-01
-7.550000000000000711e+00,-5.499999999999989342e-01,4.694954955546948305e-01
-7.699999999999999289e+00,-5.000000000000000000e-01,4.694954955546948305e-01
-7.649999999999998579e+00,-5.000000000000000000e-01,4.694954955546948305e-01
-7.800000000000000711e+00,-4.499999999999992895e-01,4.694954955546948305e-01
-7.750000000000000000e+00,-4.499999999999992895e-01,4.694954955546948305e-01
-7.849999999999997868e+00,-3.999999999999985789e-01,4.694954955546948305e-01
-7.849999999999997868e+00,-3.499999999999996447e-01,4.694954955546948305e-01
-7.899999999999998579e+00,-2.999999999999989342e-01,4.694954955546948305e-01
-8.000000000000000000e+00,-2.500000000000000000e-01,4.694954955546948305e-01
-7.949999999999999289e+00,-2.500000000000000000e-01,4.694954955546948305e-01
-8.099999999999997868e+00,-1.999999999999992895e-01,4.694954955546948305e-01
-8.050000000000000711e+00,-1.999999999999992895e-01,4.694954955546948305e-01
-8.199999999999999289e+00,-1.499999999999985789e-01,4.694954955546948305e-01
-8.149999999999998579e+00,-1.499999999999985789e-01,4.694954955546948305e-01
-8.300000000000000711e+00,-9.999999999999964473e-02,4.694954955546948305e-01
-8.250000000000000000e+00,-9.999999999999964473e-02,4.694954955546948305e-01
-8.399999999999998579e+00,-4.999999999999893419e-02,4.694954955546948305e-01
-8.349999999999997868e+00,-4.999999999999893419e-02,4.694954955546948305e-01
-8.500000000000000000e+00,0.000000000000000000e+00,4.694954955546948305e-01
-8.449999999999999289e+00,0.000000000000000000e+00,4.694954955546948305e-01
-8.599999999999997868e+00,5.000000000000071054e-02,4.694954955546948305e-01
-8.550000000000000711e+00,5.000000000000071054e-02,4.694954955546948305e-01
-8.699999999999999289e+00,1.000000000000014211e-01,4.694954955546948305e-01
-8.649999999999998579e+00,1.000000000000014211e-01,4.694954955546948305e-01
-8.800000000000000711e+00,1.500000000000003553e-01,4.694954955546948305e-01
-8.750000000000000000e+00,1.500000000000003553e-01,4.694954955546948305e-01
-8.899999999999998579e+00,2.000000000000010658e-01,4.694954955546948305e-01
-8.849999999999997868e+00,2.000000000000010658e-01,4.694954955546948305e-01
-9.000000000000000000e+00,2.500000000000000000e-01,4.694954955546948305e-01
-8.949999999999999289e+00,2.500000000000000000e-01,4.694954955546948305e-01
-9.099999999999997868e+00,3.000000000000007105e-01,4.694954955546948305e-01
-9.050000000000000711e+00,3.000000000000007105e-01,4.694954955546948305e-01
-9.199999999999999289e+00,3.500000000000014211e-01,4.694954955546948305e-01
-9.149999999999998579e+00,3.500000000000014211e-01,4.694954955546948305e-01
-9.300000000000000711e+00,4.000000000000003553e-01,4.694954955546948305e-01
-9.250000000000000000e+00,4.000000000000003553e-01,4.694954955546948305e-01
-9.399999999999998579e+00,4.500000000000010658e-01,4.694954955546948305e-01
-9.349999999999997868e+00,4.500000000000010658e-01,4.694954955546948305e-01
-9.500000000000000000e+00,5.000000000000000000e-01,4.694954955546948305e-01
-9.449999999999999289e+00,5.000000000000000000e-01,4.694954955546948305e-01
-9.599999999999997868e+00,5.500000000000007105e-01,4.694954955546948305e-01
-9.550000000000000711e+00,5.500000000000007105e-01,4.694954955546948305e-01
-9.699999999999999289e+00,6.000000000000014211e-01,4.694954955546948305e-01
-9.649999999999998579e+00,6.000000000000014211e-01,4.694954955546948305e-01
-9.800000000000000711e+00,6.500000000000003553e-01,4.694954955546948305e-01
-9.750000000000000000e+00,6.500000000000003553e-01,4.694954955546948305e-01
-9.899999999999998579e+00,7.000000000000010658e-01,4.694954955546948305e-01
-9.849999999999997868e+00,7.000000000000010658e-01,4.694954955546948305e-01
-1.019999999999999929e+01,7.500000000000000000e-01,4.694954955546948305e-01
-1.014999999999999858e+01,7.500000000000000000e-01,4.694954955546948305e-01
-1.009999999999999787e+01,7.500000000000000000e-01,4.694954955546948305e-01
-1.005000000000000071e+01,7.500000000000000000e-01,4.694954955546948305e-01
-1.000000000000000000e+01,7.500000000000000000e-01,4.694954955546948305e-01
-9.949999999999999289e+00,7.500000000000000000e-01,4.694954955546948305e-01
-1.030000000000000071e+01,8.000000000000007105e-01,4.694954955546948305e-01
-1.025000000000000000e+01,8.000000000000007105e-01,4.694954955546948305e-01
-1.014999999999999858e+01,8.000000000000007105e-01,4.694954955546948305e-01
-1.009999999999999787e+01,8.000000000000007105e-01,4.694954955546948305e-01
-1.005000000000000071e+01,8.000000000000007105e-01,4.694954955546948305e-01
-1.039999999999999858e+01,8.500000000000014211e-01,4.694954955546948305e-01
-1.034999999999999787e+01,8.500000000000014211e-01,4.694954955546948305e-01
-1.050000000000000000e+01,9.000000000000003553e-01,4.694954955546948305e-01
-1.044999999999999929e+01,9.000000000000003553e-01,4.694954955546948305e-01
-1.059999999999999787e+01,9.500000000000010658e-01,4.694954955546948305e-01
-1.055000000000000071e+01,9.500000000000010658e-01,4.694954955546948305e-01
-1.069999999999999929e+01,1.000000000000000000e+00,4.694954955546948305e-01
-1.064999999999999858e+01,1.000000000000000000e+00,4.694954955546948305e-01
-1.075000000000000000e+01,1.050000000000000711e+00,4.694954955546948305e-01
-1.075000000000000000e+01,1.100000000000001421e+00,4.694954955546948305e-01
-1.080000000000000071e+01,1.150000000000000355e+00,4.694954955546948305e-01
-1.089999999999999858e+01,1.200000000000001066e+00,4.694954955546948305e-01
-1.084999999999999787e+01,1.200000000000001066e+00,4.694954955546948305e-01
-1.100000000000000000e+01,1.250000000000000000e+00,4.694954955546948305e-01
-1.094999999999999929e+01,1.250000000000000000e+00,4.694954955546948305e-01
-1.109999999999999787e+01,1.300000000000000711e+00,4.694954955546948305e-01
-1.105000000000000071e+01,1.300000000000000711e+00,4.694954955546948305e-01
-1.119999999999999929e+01,1.350000000000001421e+00,4.694954955546948305e-01
-1.114999999999999858e+01,1.350000000000001421e+00,4.694954955546948305e-01
-1.130000000000000071e+01,1.400000000000000355e+00,4.694954955546948305e-01
-1.125000000000000000e+01,1.400000000000000355e+00,4.694954955546948305e-01
-1.139999999999999858e+01,1.450000000000001066e+00,4.694954955546948305e-01
-1.134999999999999787e+01,1.450000000000001066e+00,4.694954955546948305e-01
-1.150000000000000000e+01,1.500000000000000000e+00,4.694954955546948305e-01
-1.144999999999999929e+01,1.500000000000000000e+00,4.694954955546948305e-01
-1.159999999999999787e+01,1.550000000000000711e+00,4.694954955546948305e-01
-1.155000000000000071e+01,1.550000000000000711e+00,4.694954955546948305e-01
-1.169999999999999929e+01,1.600000000000001421e+00,4.694954955546948305e-01
-1.164999999999999858e+01,1.600000000000001421e+00,4.694954955546948305e-01
-1.180000000000000071e+01,1.650000000000000355e+00,4.694954955546948305e-01
-1.175000000000000000e+01,1.650000000000000355e+00,4.694954955546948305e-01
-1.189999999999999858e+01,1.700000000000001066e+00,4.694954955546948305e-01
-1.184999999999999787e+01,1.700000000000001066e+00,4.694954955546948305e-01
-1.200000000000000000e+01,1.750000000000000000e+00,4.694954955546948305e-01
-1.194999999999999929e+01,1.750000000000000000e+00,4.694954955546948305e-01
-1.209999999999999787e+01,1.800000000000000711e+00,4.694954955546948305e-01
-1.205000000000000071e+01,1.800000000000000711e+00,4.694954955546948305e-01
-1.219999999999999929e+01,1.850000000000001421e+00,4.694954955546948305e-01
-1.214999999999999858e+01,1.850000000000001421e+00,4.694954955546948305e-01
-1.230000000000000071e+01,1.900000000000000355e+00,4.694954955546948305e-01
-1.225000000000000000e+01,1.900000000000000355e+00,4.694954955546948305e-01
-1.239999999999999858e+01,1.950000000000001066e+00,4.694954955546948305e-01
-1.234999999999999787e+01,1.950000000000001066e+00,4.694954955546948305e-01
-1.250000000000000000e+01,2.000000000000000000e+00,4.694954955546948305e-01
-1.244999999999999929e+01,2.000000000000000000e+00,4.694954955546948305e-01
-1.259999999999999787e+01,2.050000000000000711e+00,4.694954955546948305e-01
-1.255000000000000071e+01,2.050000000000000711e+00,4.694954955546948305e-01
-1.264999999999999858e+01,2.100000000000001421e+00,4.694954955546948305e-01
-1.280000000000000071e+01,2.150000000000000355e+00,4.694954955546948305e-01
-1.275000000000000000e+01,2.150000000000000355e+00,4.694954955546948305e-01
-1.269999999999999929e+01,2.150000000000000355e+00,4.694954955546948305e-01
-1.305000000000000071e+01,2.200000000000001066e+00,4.694954955546948305e-01
-1.300000000000000000e+01,2.200000000000001066e+00,4.694954955546948305e-01
-1.294999999999999929e+01,2.200000000000001066e+00,4.694954955546948305e-01
-1.289999999999999858e+01,2.200000000000001066e+00,4.694954955546948305e-01
-1.285000000000000142e+01,2.200000000000001066e+00,4.694954955546948305e-01
-1.280000000000000071e+01,2.200000000000001066e+00,4.694954955546948305e-01
-1.319999999999999929e+01,2.250000000000000000e+00,4.694954955546948305e-01
-1.314999999999999858e+01,2.250000000000000000e+00,4.694954955546948305e-01
-1.310000000000000142e+01,2.250000000000000000e+00,4.694954955546948305e-01
-1.305000000000000071e+01,2.250000000000000000e+00,4.694954955546948305e-01
-1.300000000000000000e+01,2.250000000000000000e+00,4.694954955546948305e-01
-1.294999999999999929e+01,2.250000000000000000e+00,4.694954955546948305e-01
-1.330000000000000071e+01,2.300000000000000711e+00,4.694954955546948305e-01
-1.325000000000000000e+01,2.300000000000000711e+00,4.694954955546948305e-01
-1.319999999999999929e+01,2.300000000000000711e+00,4.694954955546948305e-01
-1.339999999999999858e+01,2.350000000000001421e+00,4.694954955546948305e-01
-1.335000000000000142e+01,2.350000000000001421e+00,4.694954955546948305e-01
-1.344999999999999929e+01,2.400000000000000355e+00,4.694954955546948305e-01
-1.355000000000000071e+01,2.450000000000001066e+00,4.694954955546948305e-01
-1.350000000000000000e+01,2.450000000000001066e+00,4.694954955546948305e-01
-1.364999999999999858e+01,2.500000000000000000e+00,4.694954955546948305e-01
-1.360000000000000142e+01,2.500000000000000000e+00,4.694954955546948305e-01
-1.369999999999999929e+01,2.550000000000000711e+00,4.694954955546948305e-01
-1.369999999999999929e+01,2.600000000000001421e+00,4.694954955546948305e-01
-1.380000000000000071e+01,2.650000000000000355e+00,4.694954955546948305e-01
-1.375000000000000000e+01,2.650000000000000355e+00,4.694954955546948305e-01
-1.389999999999999858e+01,2.700000000000001066e+00,4.694954955546948305e-01
-1.385000000000000142e+01,2.700000000000001066e+00,4.694954955546948305e-01
-1.400000000000000000e+01,2.750000000000000000e+00,4.694954955546948305e-01
-1.394999999999999929e+01,2.750000000000000000e+00,4.694954955546948305e-01
-1.410000000000000142e+01,2.800000000000000711e+00,4.694954955546948305e-01
-1.405000000000000071e+01,2.800000000000000711e+00,4.694954955546948305e-01
-1.419999999999999929e+01,2.850000000000001421e+00,4.694954955546948305e-01
-1.414999999999999858e+01,2.850000000000001421e+00,4.694954955546948305e-01
-1.430000000000000071e+01,2.900000000000000355e+00,4.694954955546948305e-01
-1.425000000000000000e+01,2.900000000000000355e+00,4.694954955546948305e-01
-1.439999999999999858e+01,2.950000000000001066e+00,4.694954955546948305e-01
-1.435000000000000142e+01,2.950000000000001066e+00,4.694954955546948305e-01
-1.450000000000000000e+01,3.000000000000000000e+00,4.694954955546948305e-01
-1.444999999999999929e+01,3.000000000000000000e+00,4.694954955546948305e-01
-1.460000000000000142e+01,3.050000000000000711e+00,4.694954955546948305e-01
-1.455000000000000071e+01,3.050000000000000711e+00,4.694954955546948305e-01
-1.464999999999999858e+01,3.100000000000001421e+00,4.694954955546948305e-01
-1.475000000000000000e+01,3.150000000000000355e+00,4.694954955546948305e-01
-1.469999999999999929e+01,3.150000000000000355e+00,4.694954955546948305e-01
-1.489999999999999858e+01,3.200000000000001066e+00,4.694954955546948305e-01
-1.485000000000000142e+01,3.200000000000001066e+00,4.694954955546948305e-01
-1.480000000000000071e+01,3.200000000000001066e+00,4.694954955546948305e-01
-1.500000000000000000e+01,3.250000000000000000e+00,4.694954955546948305e-01
-1.494999999999999929e+01,3.250000000000000000e+00,4.694954955546948305e-01
-1.489999999999999858e+01,3.250000000000000000e+00,4.694954955546948305e-01
-1.505000000000000071e+01,3.300000000000000711e+00,4.694954955546948305e-01
-1.514999999999999858e+01,3.350000000000001421e+00,4.694954955546948305e-01
-1.510000000000000142e+01,3.350000000000001421e+00,4.694954955546948305e-01
-1.525000000000000000e+01,3.400000000000000355e+00,4.694954955546948305e-01
-1.519999999999999929e+01,3.400000000000000355e+00,4.694954955546948305e-01
-1.539999999999999858e+01,3.450000000000001066e+00,4.694954955546948305e-01
-1.535000000000000142e+01,3.450000000000001066e+00,4.694954955546948305e-01
-1.530000000000000071e+01,3.450000000000001066e+00,4.694954955546948305e-01
-1.544999999999999929e+01,3.500000000000000000e+00,4.694954955546948305e-01
-1.539999999999999858e+01,3.500000000000000000e+00,4.694954955546948305e-01
-1.560000000000000142e+01,3.550000000000000711e+00,4.694954955546948305e-01
-1.555000000000000071e+01,3.550000000000000711e+00,4.694954955546948305e-01
-1.550000000000000000e+01,3.550000000000000711e+00,4.694954955546948305e-01
-1.569999999999999929e+01,3.600000000000001421e+00,4.694954955546948305e-01
-1.564999999999999858e+01,3.600000000000001421e+00,4.694954955546948305e-01
-1.560000000000000142e+01,3.600000000000001421e+00,4.694954955546948305e-01
-1.575000000000000000e+01,3.650000000000000355e+00,4.694954955546948305e-01
-1.605000000000000071e+01,3.700000000000001066e+00,4.694954955546948305e-01
-1.600000000000000000e+01,3.700000000000001066e+00,4.694954955546948305e-01
-1.594999999999999929e+01,3.700000000000001066e+00,4.694954955546948305e-01
-1.590000000000000036e+01,3.700000000000001066e+00,4.694954955546948305e-01
-1.584999999999999964e+01,3.700000000000001066e+00,4.694954955546948305e-01
-1.580000000000000071e+01,3.700000000000001066e+00,4.694954955546948305e-01
-1.614999999999999858e+01,3.750000000000000000e+00,4.694954955546948305e-01
-1.610000000000000142e+01,3.750000000000000000e+00,4.694954955546948305e-01
-1.594999999999999929e+01,3.750000000000000000e+00,4.694954955546948305e-01
-1.590000000000000036e+01,3.750000000000000000e+00,4.694954955546948305e-01
-1.625000000000000000e+01,3.800000000000000711e+00,4.694954955546948305e-01
-1.619999999999999929e+01,3.800000000000000711e+00,4.694954955546948305e-01
-1.635000000000000142e+01,3.850000000000001421e+00,4.694954955546948305e-01
-1.630000000000000071e+01,3.850000000000001421e+00,4.694954955546948305e-01
-1.644999999999999929e+01,3.900000000000000355e+00,4.694954955546948305e-01
-1.639999999999999858e+01,3.900000000000000355e+00,4.694954955546948305e-01
-1.655000000000000071e+01,3.950000000000001066e+00,4.694954955546948305e-01
-1.650000000000000000e+01,3.950000000000001066e+00,4.694954955546948305e-01
-1.660000000000000142e+01,4.000000000000000000e+00,4.694954955546948305e-01
-1.660000000000000142e+01,4.050000000000000711e+00,4.694954955546948305e-01
-1.664999999999999858e+01,4.100000000000001421e+00,4.694954955546948305e-01
-1.675000000000000000e+01,4.150000000000000355e+00,4.694954955546948305e-01
-1.669999999999999929e+01,4.150000000000000355e+00,4.694954955546948305e-01
-1.685000000000000142e+01,4.200000000000001066e+00,4.694954955546948305e-01
-1.680000000000000071e+01,4.200000000000001066e+00,4.694954955546948305e-01
-1.694999999999999929e+01,4.250000000000000000e+00,4.694954955546948305e-01
-1.689999999999999858e+01,4.250000000000000000e+00,4.694954955546948305e-01
-1.705000000000000071e+01,4.300000000000000711e+00,4.694954955546948305e-01
-1.700000000000000000e+01,4.300000000000000711e+00,4.694954955546948305e-01
-1.714999999999999858e+01,4.350000000000001421e+00,4.694954955546948305e-01
-1.710000000000000142e+01,4.350000000000001421e+00,4.694954955546948305e-01
-1.725000000000000000e+01,4.400000000000000355e+00,4.694954955546948305e-01
-1.719999999999999929e+01,4.400000000000000355e+00,4.694954955546948305e-01
-1.735000000000000142e+01,4.450000000000001066e+00,4.694954955546948305e-01
-1.730000000000000071e+01,4.450000000000001066e+00,4.694954955546948305e-01
-1.744999999999999929e+01,4.500000000000000000e+00,4.694954955546948305e-01
-1.739999999999999858e+01,4.500000000000000000e+00,4.694954955546948305e-01
-1.755000000000000071e+01,4.550000000000000711e+00,4.694954955546948305e-01
-1.750000000000000000e+01,4.550000000000000711e+00,4.694954955546948305e-01
-1.764999999999999858e+01,4.600000000000001421e+00,4.694954955546948305e-01
-1.760000000000000142e+01,4.600000000000001421e+00,4.694954955546948305e-01
-1.775000000000000000e+01,4.650000000000002132e+00,4.694954955546948305e-01
-1.769999999999999929e+01,4.650000000000002132e+00,4.694954955546948305e-01
-1.785000000000000142e+01,4.699999999999999289e+00,4.694954955546948305e-01
-1.780000000000000071e+01,4.699999999999999289e+00,4.694954955546948305e-01
-1.794999999999999929e+01,4.750000000000000000e+00,4.694954955546948305e-01
-1.789999999999999858e+01,4.750000000000000000e+00,4.694954955546948305e-01
-1.805000000000000071e+01,4.800000000000000711e+00,4.694954955546948305e-01
-1.800000000000000000e+01,4.800000000000000711e+00,4.694954955546948305e-01
-1.814999999999999858e+01,4.850000000000001421e+00,4.694954955546948305e-01
-1.810000000000000142e+01,4.850000000000001421e+00,4.694954955546948305e-01
-1.825000000000000000e+01,4.900000000000002132e+00,4.694954955546948305e-01
-1.819999999999999929e+01,4.900000000000002132e+00,4.694954955546948305e-01
-1.835000000000000142e+01,4.949999999999999289e+00,4.694954955546948305e-01
-1.830000000000000071e+01,4.949999999999999289e+00,4.694954955546948305e-01
-1.844999999999999929e+01,5.000000000000000000e+00,4.694954955546948305e-01
-1.839999999999999858e+01,5.000000000000000000e+00,4.694954955546948305e-01
-1.855000000000000071e+01,5.050000000000000711e+00,4.694954955546948305e-01
-1.850000000000000000e+01,5.050000000000000711e+00,4.694954955546948305e-01
-1.864999999999999858e+01,5.100000000000001421e+00,4.694954955546948305e-01
-1.860000000000000142e+01,5.100000000000001421e+00,4.694954955546948305e-01
-1.869999999999999929e+01,5.150000000000002132e+00,4.694954955546948305e-01
-1.880000000000000071e+01,5.199999999999999289e+00,4.694954955546948305e-01
-1.875000000000000000e+01,5.199999999999999289e+00,4.694954955546948305e-01
-1.889999999999999858e+01,5.250000000000000000e+00,4.694954955546948305e-01
-1.885000000000000142e+01,5.250000000000000000e+00,4.694954955546948305e-01
-1.900000000000000000e+01,5.300000000000000711e+00,4.694954955546948305e-01
-1.894999999999999929e+01,5.300000000000000711e+00,4.694954955546948305e-01
-1.910000000000000142e+01,5.350000000000001421e+00,4.694954955546948305e-01
-1.905000000000000071e+01,5.350000000000001421e+00,4.694954955546948305e-01
-1.919999999999999929e+01,5.400000000000002132e+00,4.694954955546948305e-01
-1.914999999999999858e+01,5.400000000000002132e+00,4.694954955546948305e-01
-1.930000000000000071e+01,5.449999999999999289e+00,4.694954955546948305e-01
-1.925000000000000000e+01,5.449999999999999289e+00,4.694954955546948305e-01
-1.939999999999999858e+01,5.500000000000000000e+00,4.694954955546948305e-01
-1.935000000000000142e+01,5.500000000000000000e+00,4.694954955546948305e-01
-1.950000000000000000e+01,5.550000000000000711e+00,4.694954955546948305e-01
-1.944999999999999929e+01,5.550000000000000711e+00,4.694954955546948305e-01
-1.960000000000000142e+01,5.600000000000001421e+00,4.694954955546948305e-01
-1.955000000000000071e+01,5.600000000000001421e+00,4.694954955546948305e-01
-1.969999999999999929e+01,5.650000000000002132e+00,4.694954955546948305e-01
-1.964999999999999858e+01,5.650000000000002132e+00,4.694954955546948305e-01
-1.975000000000000000e+01,5.699999999999999289e+00,4.694954955546948305e-01
-1.980000000000000071e+01,5.750000000000000000e+00,4.694954955546948305e-01
-1.985000000000000142e+01,5.800000000000000711e+00,4.694954955546948305e-01
